"","object_","ID","Houses","Name","x","y","centdist_m"
"1",1,1,4,"1",223778.12141318,7900102.06680737,6219.7505860605
"2",2,2,1,"2",227003.1234327,7900029.21035836,4457.95511427798
"3",3,3,6,"3",227722.6688174,7900123.82856777,4193.56097585031
"4",4,4,4,"4",228215.56527845,7901083.93736282,3183.52635158553
"5",5,5,16,"5",229050.9877349,7900267.02605182,4047.34504665534
"6",6,6,2,"6",230440.62849478,7900091.49934106,4642.09886645518
"7",7,7,2,"7",230997.44606606,7900177.67233705,4839.2223280366
"9",9,9,5,"9",239747.36209109,7900072.14799346,12094.3003441558
"10",10,10,5,"10",239547.19648662,7900273.28867019,11837.4500124784
"11",11,11,1,"11",227165.24117358,7900269.02178439,4180.12528820145
"12",12,12,1,"12",226388.92327814,7900288.21785873,4454.59564880719
"13",13,13,8,"13",223612.60160919,7900238.04299061,6255.44298665669
"14",14,14,2,"14",223242.63335913,7900235.24763674,6544.75352705825
"15",15,15,26,"15",220171.12661522,7901738.77456458,8608.94553788266
"16",16,16,32,"16",220176.77617634,7902339.06132789,8447.01131087214
"17",17,17,7,"17",220041.80566263,7903153.94057151,8433.30570154185
"18",18,18,6,"18",220015.52576917,7903366.86266919,8434.11055567715
"19",19,19,7,"19",220176.55192763,7906197.89223646,8450.18785249425
"20",20,20,11,"20",220205.42996349,7906443.25073952,8481.84031635069
"21",21,21,7,"21",220123.19024327,7909279.89743852,9680.80501258186
"22",22,22,7,"22",220050.83684416,7910454.98801217,10396.8758083545
"23",23,23,6,"23",220242.17094303,7912766.4860732,11785.9702022455
"24",24,24,13,"24",220143.89615524,7913376.51757736,12299.2158196712
"25",25,25,6,"25",220085.82309642,7913837.71448078,12682.7877893253
"26",26,26,12,"26",220113.20773048,7914533.57624587,13198.8391861551
"27",27,27,6,"27",220374.71231305,7914377.60678291,12913.6690446798
"28",28,28,33,"28",220331.41125827,7914064.09251511,12697.0634523466
"29",29,29,8,"29",220342.24268191,7913724.34922043,12429.6315631586
"30",30,30,14,"30",220377.52678333,7913616.8006234,12324.9529454932
"31",31,31,6,"31",220478.12226367,7910205.16916889,9905.00369259681
"32",32,32,3,"32",220172.73378116,7902604.52634494,8394.52449027096
"33",33,33,3,"33",220051.7089212,7902806.27887718,8476.23059432144
"34",34,34,6,"34",220005.29367796,7907461.84888068,8985.7503814527
"35",35,35,5,"35",220069.08306198,7914141.35807031,12924.3653839306
"36",36,36,9,"36",220386.10810132,7909164.36806748,9396.15536271982
"37",37,37,6,"37",220383.4738111,7907080.23309004,8499.36468166139
"38",38,38,5,"38",220419.87234457,7906748.59560748,8360.47364822828
"39",39,39,10,"39",220620.81853126,7904516.84253882,7785.35354168677
"40",40,40,1,"40",220292.59898487,7902513.44893484,8295.7709498071
"41",41,41,4,"41",220421.54006068,7902280.83111742,8222.69852204206
"42",42,42,1,"42",220382.18187712,7900936.08061215,8682.1208525654
"43",43,43,1,"43",220497.73857964,7900168.50948864,8901.34895215231
"44",44,44,4,"44",220710.22788874,7900572.74379001,8530.76606141014
"45",45,45,16,"45",220789.93259358,7901095.32467115,8244.47711126837
"46",46,46,3,"46",220709.5409754,7901628.41120653,8130.78814004143
"47",47,47,3,"47",220606.20077658,7902845.3736562,7923.46614366613
"48",48,48,2,"48",220660.50919039,7903606.36599976,7769.20432847191
"49",49,49,5,"49",220695.22773743,7903797.63060514,7720.74981086691
"50",50,50,6,"50",220561.69678443,7904234.87270658,7840.35014537778
"51",51,51,7,"51",220655.79397007,7906871.33923858,8173.8827444562
"52",52,52,8,"52",220718.49569416,7907173.09382304,8216.48986273354
"53",53,53,33,"53",220792.50102109,7908741.27793555,8829.97200074463
"54",54,54,2,"54",220703.6889595,7909536.96776807,9332.16362000071
"55",55,55,8,"55",220549.58429131,7910947.52888961,10312.9398813286
"56",56,56,4,"56",220551.28893653,7912838.83882491,11627.3740986766
"57",57,57,16,"57",220529.52727873,7913071.59816353,11814.6031059031
"58",58,58,7,"58",220873.41402929,7914865.0938542,13004.0457550467
"59",59,59,19,"59",220859.07678561,7914361.28714129,12605.2088987212
"60",60,60,10,"60",220776.4791643,7914002.13514943,12370.076828575
"61",61,61,2,"61",220877.37985057,7913651.59629023,12032.6400630413
"62",62,62,2,"62",220911.00493014,7913466.88357832,11867.8089311841
"63",63,63,24,"63",220777.14803099,7913066.67326936,11647.3447158356
"64",64,64,3,"64",220902.21317326,7912377.07944425,11049.9464629035
"65",65,65,7,"65",220909.16510498,7912092.34323694,10837.7511492155
"66",66,66,11,"66",220943.13796317,7910395.29355161,9656.70299194723
"67",67,67,2,"67",220931.04862231,7909404.57488831,9069.79553075421
"68",68,68,6,"68",220967.89270604,7908410.74594681,8513.40379573756
"69",69,69,1,"69",220837.84671417,7904305.0669672,7564.27588703614
"70",70,70,1,"70",220804.90581492,7903063.97790396,7690.97503568798
"71",71,71,1,"71",220821.82450641,7902578.15724734,7764.94603518319
"72",72,72,1,"72",220828.59293239,7902204.97711948,7847.79190235744
"73",73,73,1,"73",220639.32528215,7902107.08992383,8056.22468725441
"74",74,74,12,"74",220990.42315826,7901071.70927465,8069.04121895986
"75",75,75,5,"75",220894.27969613,7900408.61511318,8438.86480796521
"76",76,76,60,"76",221124.49195273,7901280.21459019,7864.67848091933
"77",77,77,6,"77",221185.05004223,7901587.78785114,7696.47824073241
"78",78,78,1,"78",220957.05045287,7902264.60384908,7708.23359421727
"80",80,80,2,"80",221160.74647217,7902930.43623018,7362.66356201396
"81",81,81,5,"81",221086.89833511,7903559.05915137,7348.7984190852
"82",82,82,2,"82",220945.49991079,7904593.23220103,7463.85345189651
"83",83,83,1,"83",221115.87843767,7906122.27852198,7519.8539613739
"84",84,84,6,"84",221035.99168244,7906671.4481495,7750.06573646275
"85",85,85,16,"85",221195.57160164,7909611.29544134,8974.82991367677
"86",86,86,5,"86",221021.64916038,7909740.71863501,9191.62316446235
"87",87,87,22,"87",221092.73078704,7910350.90389689,9513.15757743363
"88",88,88,158,"88",221582.90228802,7911335.33401827,9825.07749280076
"89",89,89,7,"89",221093.04370587,7911608.50902505,10363.0129289048
"91",91,91,3,"91",221369.95923297,7910080.54943018,9127.1635692927
"92",92,92,3,"92",221365.4893927,7909825.7641618,8970.39314493941
"93",93,93,1,"93",221314.76533033,7908959.47539892,8502.65666638532
"94",94,94,7,"94",221289.16246553,7908831.73115482,8454.28297486529
"95",95,95,9,"95",221378.54639837,7908630.53602445,8271.21559936444
"96",96,96,2,"96",221248.85728795,7906045.14259658,7372.04504725062
"97",97,97,3,"97",221113.70032123,7905203.57249096,7348.868685947
"98",98,98,2,"98",221332.60608756,7904839.67549958,7092.95701890674
"99",99,99,1,"99",221316.96283656,7904927.63959445,7116.23690422297
"100",100,100,2,"100",221364.78056779,7901373.58066261,7606.93260162613
"101",101,101,8,"101",221433.17888539,7901829.47869791,7381.16709013934
"102",102,102,10,"102",221516.14950583,7901966.74035509,7258.31618666565
"103",103,103,2,"103",221480.53823565,7902442.69689337,7156.57018055112
"104",104,104,4,"104",221557.65816381,7904766.81406119,6862.93322180799
"105",105,105,3,"105",221451.21652032,7908242.84641212,8010.02678761338
"106",106,106,3,"106",221622.38634807,7908842.82909043,8182.12420005765
"107",107,107,2,"107",221524.86247794,7913507.76755748,11522.9873828049
"108",108,108,4,"108",221460.85054675,7913710.40336264,11723.9874545951
"109",109,109,6,"109",221567.17214865,7913957.34232441,11862.3157328187
"110",110,110,3,"110",221732.79890109,7914466.47991073,12190.5559162084
"111",111,111,7,"111",221824.55540211,7914028.31414581,11774.7046431306
"112",112,112,11,"112",221893.81946692,7913638.62555374,11413.917847357
"113",113,113,1,"113",221682.45870856,7913576.08031295,11484.9609160607
"114",114,114,3,"114",221862.05854179,7913454.48042578,11281.5127822095
"115",115,115,1,"115",221723.33106833,7910440.11118288,9098.00398367008
"116",116,116,6,"116",221714.10968567,7909386.99117396,8425.75880201182
"117",117,117,16,"117",221740.29595237,7908433.88218558,7860.21003463465
"118",118,118,2,"118",221807.49484055,7907175.7158028,7209.52412281827
"119",119,119,7,"119",221732.28562753,7906846.10375603,7152.80938039466
"120",120,120,3,"120",221877.03848108,7905584.44411378,6657.6257973438
"121",121,121,1,"121",221675.08527639,7905370.26512719,6817.59732536819
"122",122,122,9,"122",221840.57526037,7904519.96032908,6566.49359591613
"123",123,123,68,"123",222053.97171937,7904085.64856696,6350.47737415177
"124",124,124,5,"124",221637.31722292,7902759.61520541,6929.50886755606
"125",125,125,1,"125",221661.38438547,7902609.16097588,6940.3008365992
"126",126,126,2,"126",221639.25681865,7900814.57462568,7590.74680439282
"127",127,127,11,"127",222041.10236936,7900865.64885751,7210.84043302699
"128",128,128,31,"128",221948.10484793,7902196.90373698,6776.23680293518
"129",129,129,3,"129",221942.42113594,7903603.13814128,6493.09310343587
"130",130,130,6,"130",222016.64765355,7905535.82225004,6511.17099399272
"131",131,131,6,"131",222016.66815005,7906914.51983715,6914.35639235221
"132",132,132,2,"132",221853.76036952,7908277.76892656,7681.52604172591
"133",133,133,5,"133",221993.86169203,7908971.73181103,7952.72345211996
"134",134,134,1,"134",221837.46791253,7909573.17716077,8444.03247036065
"135",135,135,12,"135",222484.42661162,7910329.42305496,8475.33464440896
"136",136,136,7,"136",222837.22342122,7910001.50504218,7994.28899283438
"137",137,137,39,"137",222427.58864527,7909937.36997346,8240.35286690931
"138",138,138,8,"138",222795.35181927,7909728.0614757,7830.21914626993
"139",139,139,1,"139",222119.98719475,7907993.11223112,7306.49597047277
"140",140,140,5,"140",222383.70320254,7903201.07024199,6111.09387047437
"141",141,141,1,"141",222316.229492,7902933.6640611,6229.05121528272
"142",142,142,1,"142",222024.3307892,7902792.29615943,6544.8219182321
"143",143,143,3,"143",222282.8306917,7902622.63657209,6334.96215240547
"144",144,144,18,"144",222235.99301722,7902176.69975469,6509.07975252896
"145",145,145,78,"145",222612.31517277,7902648.21939088,6010.38586556869
"146",146,146,12,"146",222226.36083633,7901693.95174923,6688.30254235996
"147",147,147,5,"147",222389.10632386,7900300.15703664,7200.77009957209
"148",148,148,4,"148",222549.13743491,7903948.03957453,5861.27728013215
"149",149,149,1,"149",222603.10355655,7905865.53037008,6016.51972569074
"150",150,150,5,"150",222320.95288727,7907221.30358607,6762.88486533456
"151",151,151,3,"151",222754.47821864,7912576.17647798,10050.8722396581
"152",152,152,5,"152",222997.88997041,7910888.0856308,8550.4044347975
"153",153,153,1,"153",222831.9072399,7910628.11326358,8458.92022901551
"154",154,154,13,"154",222681.14222275,7908288.22274247,6995.61886322463
"155",155,155,1,"155",222733.28204728,7907436.95612067,6497.28478640647
"156",156,156,1,"156",222585.3972068,7905349.40124031,5917.37353149935
"157",157,157,3,"157",222731.17297137,7904646.21611652,5683.8280421591
"158",158,158,4,"158",222640.49351951,7902248.44776692,6103.22451824208
"159",159,159,1,"159",222736.23164061,7900969.84323104,6552.80301044321
"160",160,160,1,"160",222976.70899681,7901475.2718893,6099.15043528683
"161",161,161,2,"161",222834.44317535,7901858.92190372,6064.03111243065
"162",162,162,21,"162",223214.01209677,7902804.71185845,5388.7760402119
"163",163,163,9,"163",222869.24092139,7903120.21934344,5649.34386363909
"164",164,164,16,"164",222942.43828715,7908364.45993911,6829.12817630632
"165",165,165,4,"165",223004.10470082,7908580.31856379,6912.68029633104
"166",166,166,8,"166",222785.04241489,7909416.06942763,7623.29614915716
"167",167,167,7,"167",223078.55857819,7914920.72063397,11914.1661111659
"168",168,168,22,"168",223262.13914157,7914581.47454314,11528.6479905729
"169",169,169,1,"169",223043.60072137,7914031.75506071,11142.7356055635
"170",170,170,26,"170",223183.84171304,7913710.24335327,10793.4460841003
"171",171,171,7,"171",223201.10492655,7913542.04463833,10638.070222293
"172",172,172,4,"172",223214.51589187,7913265.42508858,10390.9409919299
"173",173,173,1,"173",223238.80605247,7910246.8797841,7904.26200033478
"174",174,174,1,"174",223209.81621876,7909656.61522009,7487.36574443925
"175",175,175,1,"175",223091.42688438,7908256.99414369,6645.461987286
"176",176,176,16,"176",223101.68388144,7905532.93736999,5450.56260904363
"177",177,177,7,"177",223409.99492452,7905556.97186171,5157.2344135436
"178",178,178,3,"178",223099.24848641,7905162.89835088,5378.73511650262
"179",179,179,1,"179",223258.61135652,7904878.62004521,5180.21881951275
"180",180,180,10,"180",223219.93611782,7904173.43651005,5182.82061919439
"181",181,181,2,"181",223196.77838598,7900479.77093606,6434.25121853159
"182",182,182,1,"182",223497.02373219,7900286.98966505,6313.43799769494
"183",183,183,4,"183",223412.65805453,7900698.88891308,6131.01081931502
"184",184,184,2,"184",223495.02330148,7902200.05862478,5322.59547163443
"185",185,185,1,"185",223599.51017288,7902458.16159026,5130.08202157069
"186",186,186,1,"186",223553.97040121,7902672.87948781,5101.83251322578
"187",187,187,3,"187",223534.97380715,7904226.14593681,4867.15825464255
"189",189,189,2,"189",223344.47402137,7905836.66144859,5296.99232604639
"190",190,190,1,"190",223347.46620004,7906102.27568488,5379.1194940528
"191",191,191,9,"191",223343.7677113,7907804.80079084,6175.52842516514
"192",192,192,20,"192",223541.82986736,7911584.99315311,8789.05469539836
"193",193,193,29,"193",223534.39601366,7912281.39278667,9381.05693590656
"194",194,194,1,"194",223382.69814728,7913067.14079729,10135.2797469443
"195",195,195,3,"195",223435.47458225,7913479.55653346,10470.4213464731
"196",196,196,4,"196",223331.64020092,7914991.71909897,11867.4100137703
"197",197,197,11,"197",223713.89198068,7914496.03511279,11256.7238346967
"198",198,198,3,"198",223595.43711503,7914065.70834187,10918.5962476699
"199",199,199,49,"199",223820.47115116,7913642.50411583,10439.552866855
"200",200,200,1,"200",223747.15099028,7913105.03133367,9993.33890506877
"201",201,201,4,"201",223636.34477498,7912989.57216982,9943.94216109357
"202",202,202,10,"202",223859.46652716,7912439.93753562,9354.85289506891
"203",203,203,18,"203",223775.91188211,7910709.34650077,7935.29887121315
"204",204,204,6,"204",223642.59106869,7910071.31303651,7509.99942287588
"205",205,205,1,"205",223780.39441476,7908900.20148867,6547.6828905363
"206",206,206,1,"206",223798.67254632,7908471.78177552,6238.01941671439
"207",207,207,2,"207",223798.90042559,7908190.36120989,6051.49134406561
"208",208,208,6,"208",223615.39750708,7906600.14407003,5327.14568201822
"209",209,209,2,"209",223631.69582741,7904935.52286105,4817.61714371193
"210",210,210,10,"210",223836.57816207,7904305.00509739,4565.62438190545
"211",211,211,3,"211",223668.7322159,7904152.62527376,4734.53131225667
"212",212,212,5,"212",223694.82149676,7903802.67066604,4729.53622445171
"213",213,213,2,"213",223589.66013568,7901052.42152115,5784.46272194949
"214",214,214,4,"214",223665.95312419,7900809.8658492,5860.66294927385
"215",215,215,5,"215",224013.66710172,7902505.50831513,4726.80956514471
"216",216,217,5,"217",223869.18688823,7903387.10014907,4616.47532814717
"217",217,218,6,"218",223888.69677843,7904936.14462806,4563.3734177006
"218",218,219,1,"219",223896.46352818,7906228.31376951,4915.91789384901
"219",219,220,1,"220",223934.21740928,7907097.97892502,5291.86713184493
"220",220,221,1,"221",224038.10751322,7907848.28965661,5648.45387139565
"221",221,222,7,"222",224045.01477581,7908118.17556922,5818.36835070302
"222",222,223,2,"223",223924.59076379,7908640.38211943,6262.38161183466
"223",223,224,1,"224",223956.36039833,7909611.03729313,6955.27939275108
"224",224,225,3,"225",224019.25889017,7911084.54358091,8108.97777461579
"225",225,226,5,"226",223955.15521443,7911319.81390548,8341.89221168329
"226",226,227,6,"227",223963.24080309,7912063.23324149,8975.6238388361
"227",227,228,3,"228",224025.74720142,7912302.85516687,9154.61306509795
"228",228,229,2,"229",223961.16575272,7914953.18331921,11576.804808615
"229",229,230,5,"230",224251.4135477,7914387.63598056,10943.3026051936
"230",230,231,19,"231",224258.96546278,7914263.81253085,10825.9405632429
"231",231,232,6,"232",224153.66770827,7913140.96926598,9842.98849370293
"232",232,233,15,"233",224365.83426147,7912972.05432083,9599.77500469106
"233",233,234,5,"234",224215.15462273,7912525.68947253,9263.81335690496
"234",234,235,3,"235",224246.07140349,7911080.98212059,7985.62831968904
"235",235,236,12,"236",224192.84886257,7910665.62351134,7663.11603544594
"236",236,237,3,"237",224242.62890054,7909505.96237867,6693.24356137846
"237",237,238,2,"238",224150.33019055,7909194.3315919,6511.88076526648
"238",238,239,2,"239",224185.53585151,7909026.79984794,6362.53781964636
"239",239,240,1,"240",224289.15237149,7908334.39023285,5787.90789698241
"240",240,241,3,"241",224098.58390135,7907785.89415828,5562.1237092394
"241",241,242,25,"242",224251.52893522,7907488.66892868,5257.16676879144
"242",242,243,1,"243",224083.36843356,7906955.01612123,5089.49058706832
"243",243,244,8,"244",224236.39037082,7905277.79254583,4287.67280455035
"244",244,245,8,"245",224245.06127043,7903989.51582702,4165.8597223051
"245",245,246,1,"246",224149.76153759,7903119.86704354,4402.95351229504
"246",246,247,215,"247",224508.27522811,7902628.4952043,4222.49103217589
"247",247,248,2,"248",224436.90357993,7900747.43708667,5298.50375976167
"248",248,249,14,"249",224445.12356832,7902498.54276525,4332.04945890224
"249",249,250,4,"250",224385.85630374,7903633.02335073,4065.09800796196
"250",250,251,1,"251",224349.73586903,7903934.73810938,4065.45753048758
"251",251,252,5,"252",224431.3967995,7904083.92669121,3974.59430371506
"252",252,253,1,"253",224446.85534493,7909143.50169126,6282.69273515001
"253",253,254,2,"254",224379.55318553,7912068.65286844,8782.02182777794
"254",254,255,28,"255",224482.18525211,7914808.24370383,11251.142338374
"255",255,256,6,"256",224910.28189872,7914618.20340225,10929.0001467464
"256",256,257,4,"257",224693.57379257,7914460.46216848,10851.7766074444
"257",257,258,11,"258",224778.79440018,7913971.91220964,10363.8802548798
"258",258,259,2,"259",224794.74266698,7912925.38102549,9384.37404729015
"259",259,260,3,"260",224691.28312998,7910612.13271889,7354.83550033364
"260",260,261,8,"261",224936.04932908,7910343.21318195,6999.56911656532
"261",261,262,1,"262",224601.23053658,7910317.57488215,7149.53394756527
"262",262,263,3,"263",224697.30554965,7910131.25645567,6940.67232426942
"263",263,264,1,"264",224714.87013505,7909690.02151752,6561.88572253926
"264",264,265,12,"265",224752.21732624,7909213.8212246,6151.54021413162
"265",265,266,1,"266",224590.28558959,7908110.96758497,5416.984236333
"266",266,267,2,"267",224656.82925979,7905300.82517406,3886.57453493243
"267",267,268,4,"268",224679.64903417,7905078.70023909,3810.89175828252
"270",270,271,10,"271",224901.45829511,7900533.84262767,5113.99546543943
"271",271,272,3,"272",224831.2566281,7901610.38340648,4447.61495489427
"272",272,273,4,"273",224947.51668343,7904727.1811324,3485.66327553333
"273",273,274,5,"274",225066.25123836,7905030.40444889,3423.10753524584
"274",274,275,1,"275",224948.60256291,7907776.70583295,4927.3837835784
"275",275,276,4,"276",225055.02707656,7913059.76518856,9412.91134895451
"276",276,277,4,"277",225006.28362582,7913342.08224231,9694.2654812517
"277",277,278,27,"278",224990.19342071,7913906.69967537,10230.3790722812
"278",278,279,42,"279",225061.9905345,7914341.18191207,10618.1717468796
"279",279,280,8,"280",225128.87979822,7914570.60664707,10815.7610393031
"280",280,281,18,"281",225302.25149428,7914406.75647862,10607.7577653909
"281",281,282,17,"282",225340.29432813,7909269.17810725,5869.06076121897
"282",282,283,6,"283",225284.92744169,7904427.06297011,3121.43991098193
"283",283,284,2,"284",225116.15470281,7903901.75785454,3305.53380264541
"284",284,285,1,"285",225337.49444075,7901171.18627952,4352.50775730259
"285",285,286,1,"286",225491.33143999,7901643.1422973,3915.40638161916
"286",286,287,3,"287",225500.38277222,7901867.26712063,3762.19724364467
"287",287,288,9,"288",225459.55285481,7902246.24774555,3566.68646695446
"288",288,289,1,"289",225420.68852177,7903903.92541925,3002.73800648767
"289",289,290,4,"290",225482.32902382,7904028.30502942,2929.00869722543
"290",290,291,3,"291",225535.16802184,7904733.06483358,2905.27583345129
"291",291,292,1,"292",225461.90975502,7905229.81480503,3095.28611689802
"292",292,293,3,"293",225769.93827562,7905935.72268212,3119.14997035894
"293",293,294,2,"294",225523.22293735,7908162.07776481,4847.4698501389
"294",294,295,2,"295",225394.10442947,7910511.62066829,6935.79081725609
"295",295,296,4,"296",225600.76836794,7910766.15453866,7081.73177402456
"296",296,297,3,"297",225362.64452431,7910839.73482644,7245.98351878945
"297",297,298,2,"298",225669.53920653,7913985.78270888,10100.4104944975
"298",298,299,1,"299",225734.34678749,7912213.39865873,8386.96096880566
"299",299,300,6,"300",225645.84827222,7911750.30062225,7979.41216855814
"300",300,301,20,"301",225781.01255404,7910508.3425224,6773.94789609631
"301",301,302,6,"302",225867.60426355,7910230.5612266,6484.35693531803
"302",302,304,3,"304",225833.42980545,7909086.750446,5465.87318829381
"303",303,306,3,"306",225740.08474308,7905150.82608697,2806.38640388347
"305",305,308,1,"308",225633.75457676,7902533.0342744,3263.81758123643
"306",306,309,6,"309",225721.87762137,7901989.33963361,3513.97796028843
"307",307,310,3,"310",226092.25339334,7900224.51189453,4651.47714052124
"308",308,311,4,"311",226070.22243099,7900391.83428421,4518.3370059146
"309",309,312,8,"312",225970.01576283,7900682.70309626,4327.34487358747
"310",310,313,3,"313",225957.06981801,7900944.99542528,4120.70418053976
"311",311,314,9,"314",225966.6589759,7901684.33685435,3546.15752556307
"312",312,315,33,"315",226147.30481328,7901815.95246079,3326.67986874201
"313",313,316,13,"316",226087.02196167,7905086.27179319,2457.34558151668
"314",314,317,5,"317",225926.99980654,7905837.10875791,2933.6996364442
"315",315,318,4,"318",226165.94346998,7907687.33531463,4090.58318862894
"316",316,319,11,"319",226051.03607162,7907874.33188256,4309.98526938331
"317",317,320,4,"320",225841.74046024,7908092.07502549,4606.99507399465
"318",318,321,3,"321",226055.45997672,7908549.02171497,4887.20833047612
"319",319,322,2,"322",225925.21607421,7908710.22276055,5091.28120835262
"320",320,323,9,"323",225936.65326487,7908967.62076151,5312.32541130247
"321",321,324,1,"324",225978.3288834,7909309.53635733,5599.2682521925
"322",322,325,5,"325",226050.40693086,7909549.29670148,5786.66539315222
"323",323,326,4,"326",226050.06377977,7909806.26181965,6022.49475789421
"324",324,327,6,"327",226022.57794718,7911114.08086953,7253.45859214966
"325",325,328,14,"328",226059.25009036,7911610.27140094,7712.68887749183
"326",326,329,1,"329",225855.00234899,7912591.31648622,8710.03502644304
"327",327,330,1,"330",225994.5560181,7913126.41077311,9185.50841708878
"328",328,331,1,"331",225966.36685009,7914800.0847413,10815.8928829644
"329",329,332,5,"332",226211.54459716,7913447.30269763,9442.87458981182
"330",330,333,6,"333",226343.54583993,7911347.89978095,7378.835222091
"331",331,334,15,"334",226283.03382709,7910065.54828117,6178.28376604807
"332",332,335,1,"335",226229.4195352,7908945.01762632,5162.43740537883
"333",333,336,3,"336",226381.64286653,7907301.26726135,3649.51893167779
"334",334,337,18,"337",226573.18842232,7907288.69738444,3536.30440483203
"335",335,338,6,"338",226300.86632972,7907153.75477095,3574.49413983276
"336",336,339,3,"339",226206.2530597,7905729.1982263,2640.8285179267
"337",337,340,17,"340",226424.0442904,7905555.95801125,2363.60659248051
"338",338,341,2,"341",226315.76274802,7902370.20542367,2816.25151408412
"339",339,342,2,"342",226218.52952838,7902209.88522149,2996.45096149042
"340",340,343,6,"343",226285.45197854,7901381.15746271,3574.77681146784
"341",341,344,3,"344",226188.54924443,7901032.08055937,3915.57707628037
"342",342,345,1,"345",226603.97118466,7900718.6928366,3973.40323589139
"343",343,346,6,"346",226496.56243233,7901579.24264237,3290.57432133142
"344",344,347,28,"347",226707.92817687,7901808.66060357,2981.40127054368
"345",345,348,3,"348",226656.36041166,7901953.32924814,2894.34244913683
"346",346,349,2,"349",226416.29304332,7906064.46358752,2681.77312652315
"347",347,350,2,"350",226505.26437616,7905724.96105487,2395.38328348719
"348",348,351,14,"351",226474.12411101,7907490.14687049,3760.00500808236
"349",349,352,4,"352",226426.80425417,7907842.86151205,4089.4947613154
"350",350,353,4,"353",226686.53675076,7907980.01442073,4094.68501746469
"351",351,354,1,"354",226465.22894454,7908468.85790862,4631.27796451289
"352",352,355,1,"355",226432.38269896,7908890.86936938,5030.48943457216
"353",353,356,4,"356",226605.31922253,7909047.2801307,5111.45456258827
"354",354,357,4,"357",226440.33225297,7910234.56270004,6286.46526719454
"355",355,358,2,"358",226465.96069102,7910420.93173174,6456.05826198538
"356",356,359,15,"359",226549.91614549,7911182.84288936,7164.37582091724
"357",357,360,5,"360",226497.6389795,7912093.20755563,8059.42942619141
"358",358,361,6,"361",226634.09061487,7913078.43293671,8991.94046474625
"359",359,362,10,"362",227009.45093373,7915325.24599867,11150.5428087185
"360",360,363,2,"363",226820.02147896,7914412.02622061,10272.5697038331
"361",361,364,1,"364",226960.13724541,7913719.85820395,9567.13384505018
"362",362,365,1,"365",226800.55493944,7913614.28662149,9488.40826126726
"363",363,366,2,"366",226638.39854046,7910071.04320901,6070.8543972191
"364",364,367,1,"367",226745.22452669,7909260.10231135,5265.54191738019
"365",365,368,2,"368",226810.60996594,7908782.01920822,4791.98245856365
"366",366,369,5,"369",226774.90529903,7907412.41473704,3545.77920650519
"367",367,370,2,"370",226622.68435787,7906631.24844149,2962.98874986608
"368",368,371,8,"371",226782.95656433,7905567.83807492,2080.02757782109
"369",369,372,1,"372",226657.3120229,7902909.04291918,2207.81090675295
"370",370,373,11,"373",226684.46138141,7902449.50951524,2497.01034513158
"371",371,374,4,"374",226816.10077008,7902206.19744487,2596.42071189153
"372",372,375,93,"375",227127.11518271,7901821.14011394,2753.74804234722
"373",373,376,3,"376",226804.61223548,7901476.61608093,3210.92062294437
"374",374,377,2,"377",226840.00422854,7901041.65317496,3579.17091846754
"375",375,378,4,"378",226838.7722726,7900882.03883357,3723.95198871962
"376",376,379,4,"379",226781.01348121,7900242.94663978,4333.63441079136
"377",377,380,2,"380",226893.48256428,7900356.96774808,4186.27540212103
"378",378,381,2,"381",227041.41023966,7901457.31850019,3117.28131732096
"379",379,382,3,"382",227045.58652073,7903047.96615703,1820.36691318566
"380",380,383,12,"383",227291.7474708,7903457.7611113,1370.93430502402
"381",381,384,3,"384",226944.09928708,7905390.89415705,1843.87540429246
"382",382,385,8,"385",227040.44778006,7908961.67119112,4892.92691057847
"383",383,386,2,"386",226986.49386827,7909144.07210995,5083.13738705878
"384",384,387,2,"387",227011.84606108,7912807.03172133,8657.37229720629
"385",385,388,2,"388",227008.56087091,7914012.34338471,9849.4095623159
"386",386,389,1,"389",227127.1074754,7913541.4590169,9366.62749315888
"387",387,390,5,"390",227228.59267072,7911590.5498022,7421.89510595055
"388",388,391,5,"391",227236.3648654,7911162.4815773,6998.23915464913
"389",389,392,8,"392",227310.43251411,7910550.92804751,6382.95664743295
"390",390,393,4,"393",227338.23083617,7910019.50928728,5854.95670582041
"391",391,394,1,"394",227074.5188671,7909608.66927536,5508.999772943
"392",392,395,6,"395",227181.41338457,7909453.69939433,5333.25175543564
"393",393,396,11,"396",227194.81664728,7909039.486083,4927.64293758615
"394",394,397,3,"397",227315.09220202,7907873.20630112,3771.23050350404
"395",395,398,8,"398",227285.4857772,7907609.60293308,3528.88784283095
"396",396,399,37,"399",227279.30191377,7907338.04958803,3274.52776150169
"397",397,400,4,"400",227375.62382993,7907387.60548922,3289.81119773261
"398",398,401,1,"401",227071.78728403,7906023.24436149,2207.13560313105
"399",399,402,968,"402",228201.45193581,7905802.94210174,1553.93760716642
"400",400,403,3,"403",227181.24679633,7905469.72875086,1717.22075456978
"401",401,404,1,"404",227275.97716802,7903317.4108253,1469.75376410493
"402",402,405,9,"405",227463.37508428,7902412.65141446,2073.91102105436
"403",403,406,26,"406",227452.25119303,7905778.81787771,1789.62545536243
"404",404,407,9,"407",227642.24298466,7906208.53169239,2089.54931787654
"405",405,408,1,"408",227374.05714846,7906778.57700299,2718.42349864965
"406",406,409,1,"409",227467.89478624,7907065.31330552,2954.84653396443
"407",407,410,5,"410",227573.49987827,7908245.95269484,4069.18806722274
"408",408,411,6,"411",227612.92815102,7908399.29284897,4211.86734133323
"409",409,412,1,"412",227362.40815495,7908607.56234481,4468.18344486045
"410",410,413,3,"413",227620.68981846,7908764.39527022,4569.68366181703
"411",411,414,6,"414",227543.80007925,7909662.3112864,5468.07727578857
"412",412,415,6,"415",227452.20081868,7909920.55881077,5737.71786512497
"413",413,416,2,"416",227635.87831296,7910620.84195143,6404.82735150739
"414",414,417,2,"417",227462.5447035,7911302.33403099,7102.7374667822
"415",415,418,1,"418",227463.88596104,7911486.53290406,7285.18590235926
"416",416,419,15,"419",227468.45962326,7912078.82364725,7872.37127981254
"417",417,420,1,"420",227320.69813499,7913356.74284789,9158.79692931961
"418",418,421,1,"421",227431.75087595,7913540.27902509,9328.87158396681
"419",419,422,4,"422",227423.54105751,7914051.78018172,9838.55568203661
"420",420,423,7,"423",227407.09256518,7914527.76311857,10313.861217335
"421",421,424,5,"424",227485.0836356,7914855.38143028,10632.9895018623
"422",422,425,2,"425",227830.56042105,7914575.78270208,10329.6009999474
"423",423,426,4,"426",227877.06251119,7913556.71257076,9309.52421664016
"424",424,427,6,"427",227806.37869714,7913348.1509643,9105.65231504438
"425",425,429,5,"429",227853.87491986,7912203.86841428,7960.76095691969
"426",426,430,5,"430",227811.27088301,7911418.85218895,7181.19030134587
"427",427,431,9,"431",227635.11580186,7910391.72500345,6177.51082486135
"428",428,432,2,"432",227672.06658116,7910115.26562286,5898.60333025471
"429",429,433,3,"433",227770.3426584,7909077.35903426,4856.61133157932
"430",430,434,6,"434",227933.4465517,7909237.32132975,4997.33575699896
"431",431,435,4,"435",227710.68275024,7908538.61954154,4332.13506748069
"432",432,436,3,"436",227661.84353552,7907564.87446001,3384.79117383879
"433",433,437,5,"437",227699.59976818,7907145.91406104,2968.21939841435
"434",434,438,19,"438",227762.11955288,7905916.49037909,1773.91809312303
"435",435,439,158,"439",227800.66212153,7905596.36442648,1463.60365766734
"436",436,440,2,"440",227869.91144705,7905220.87712365,1096.61459339188
"437",437,441,9,"441",227698.31370207,7904271.85030729,703.755237599077
"438",438,442,9,"442",227500.49366919,7904001.55371806,938.374088659066
"439",439,443,4,"443",227424.45533314,7901956.38914766,2504.28332625034
"440",440,444,191,"444",227777.0058325,7902250.72000392,2106.14931380515
"441",441,445,6,"445",227605.24416164,7901748.28415487,2636.96553182257
"442",442,446,8,"446",227827.66698645,7901960.51654751,2372.06334075144
"443",443,447,5,"447",227819.06741577,7901317.56805333,3001.58123100579
"444",444,448,6,"448",227751.44968476,7900993.78943959,3332.32891231285
"445",445,449,20,"449",228128.73322044,7901481.57581407,2793.82057163924
"446",446,450,7,"450",228196.25399164,7902035.23860498,2236.24634830542
"447",447,451,18,"451",228416.37529984,7902420.84308256,1841.2130359852
"448",448,452,116,"452",228076.02309397,7902585.20706973,1708.18484780396
"449",449,453,4,"453",227985.83158093,7902721.98559278,1595.25563076182
"450",450,454,28,"454",228181.2718368,7902948.06648378,1332.34462774329
"451",451,455,4,"455",227846.88794269,7903276.99273999,1130.65852424269
"452",452,456,30,"456",228128.46806448,7905358.64982904,1130.24801140431
"453",453,457,2,"457",227912.71151939,7906759.08024348,2544.56537735578
"454",454,458,2,"458",227903.57129919,7907043.51670232,2825.82135583243
"455",455,459,1,"459",227997.84605398,7907722.6144514,3484.13443961654
"456",456,460,3,"460",228020.13741138,7909021.37738604,4774.67194049361
"457",457,461,1,"461",227793.57196387,7909223.16306553,4998.33208559932
"458",458,462,4,"462",227910.46096097,7910769.73580964,6526.27274904763
"459",459,463,5,"463",228013.7281289,7911760.32664152,7508.37249134654
"460",460,464,7,"464",228013.84515897,7913798.07701494,9543.97343958371
"461",461,465,1,"465",227927.38151549,7914348.29856401,10097.4591570451
"462",462,466,2,"466",227895.01691956,7914858.60390854,10608.725005312
"463",463,467,1,"467",228090.19143666,7914640.04336989,10382.7264611707
"464",464,468,2,"468",228035.68577477,7914468.88902881,10213.4602245295
"465",465,469,2,"469",228115.98272326,7913811.49580292,9553.77809940059
"466",466,470,1,"470",228197.38289091,7913692.05381673,9432.27348775253
"467",467,471,1,"471",228178.89078649,7913392.10348519,9132.82910008926
"468",468,472,153,"472",228526.261214,7912320.72064583,8059.67861002112
"469",469,473,4,"473",228134.73764514,7911602.11202906,7344.97609019073
"470",470,474,4,"474",228204.70503242,7909790.43322345,5531.95256761788
"471",471,475,1,"475",228165.51815307,7909435.57425543,5178.97617684972
"472",472,476,12,"476",228358.65275509,7908853.0451269,4591.24975805872
"473",473,477,3,"477",228297.41410992,7908529.39301547,4268.67442619943
"474",474,478,1,"478",228298.02536744,7908225.97379011,3965.33717770579
"475",475,479,5,"479",228265.96016851,7907287.56633264,3028.62319692583
"476",476,480,1,"480",228261.87404916,7906956.94739366,2698.58791531719
"477",477,481,5,"481",228619.58082672,7906230.54797152,1980.53592048472
"478",478,482,4,"482",228137.04298426,7904280.18533201,265.580357877117
"479",479,483,6,"483",228450.48923593,7900120.83635115,4141.44752140602
"480",480,484,1,"484",228342.57389757,7900943.45617431,3319.07586304882
"481",481,485,1,"485",228541.21348863,7901349.93446006,2915.39124378257
"482",482,486,5,"486",228513.05636198,7902151.3611528,2113.55857710328
"483",483,487,8,"487",228681.57098609,7906653.774394,2408.05828169859
"484",484,488,2,"488",228446.520554,7909332.88103733,5071.07647097577
"485",485,489,12,"489",228548.39617881,7911329.69620381,7069.2122241819
"486",486,490,4,"490",228590.10225261,7911526.33288461,7266.76783142676
"487",487,491,7,"491",228815.49984615,7915015.78841401,10761.7353329311
"488",488,492,3,"492",228843.1195834,7914877.82479951,10624.9857722608
"489",489,493,8,"493",228812.36983437,7914478.2680783,10224.5066799653
"490",490,494,4,"494",228681.21701585,7911910.56211533,7653.65694122785
"491",491,495,73,"495",228913.58818045,7910420.588424,6179.80046948139
"492",492,496,23,"496",228799.84100067,7909676.5465528,5429.14282684188
"493",493,497,7,"497",228845.64966519,7909457.40971535,5214.31751390095
"494",494,498,7,"498",228664.92477243,7908981.73293172,4727.05070659502
"495",495,499,3,"499",228726.81984499,7908803.20800414,4552.80990911846
"496",496,500,5,"500",228710.05630524,7908577.23572217,4326.21751939174
"497",497,501,2,"501",228821.77511673,7907720.26373894,3483.6474041857
"498",498,502,1,"502",228525.9080227,7907447.24339416,3187.65253409582
"499",499,503,2,"503",228686.84441823,7906563.03581442,2318.59918093701
"500",500,504,1,"504",228616.89156239,7906433.91105443,2182.5159820583
"501",501,505,18,"505",228700.19967161,7901808.69848077,2471.35820722221
"502",502,506,8,"506",228885.95159567,7901536.54772816,2768.08584278508
"503",503,507,9,"507",229027.43324301,7900641.81247869,3673.81605839319
"504",504,508,1,"508",228781.46278842,7901021.54375813,3262.59845265575
"505",505,509,2,"509",228731.04863893,7901246.96395435,3032.93840414714
"506",506,510,26,"510",229321.64556091,7906537.73750512,2454.53236888664
"507",507,511,95,"511",229414.93883401,7906843.62053364,2773.23090656999
"508",508,512,97,"512",229371.9648945,7908155.6914111,4012.68796462407
"509",509,513,17,"513",228910.77624142,7914623.30405776,10373.7878829862
"510",510,514,6,"514",229177.52590028,7909418.41326201,5214.40678798977
"511",511,515,5,"515",229418.91377076,7909426.96857264,5264.12518596573
"512",512,516,23,"516",229394.21942836,7909207.88188789,5044.42732557199
"513",513,517,38,"517",229311.86071309,7908760.54860042,4589.63898662722
"514",514,518,14,"518",229321.23977958,7901328.44836561,3074.20346821644
"515",515,519,4,"519",229540.65350677,7900796.40950234,3647.85543928951
"516",516,520,5,"520",229577.65467166,7901173.99284782,3304.23244928561
"517",517,521,6,"521",229635.09799843,7907916.53722749,3856.96422343302
"518",518,522,42,"522",229951.80499598,7908008.773213,4054.65227056762
"519",519,523,7,"523",229433.22438707,7908802.95434473,4656.57493200841
"520",520,524,2,"524",229328.73070517,7913223.95427562,9009.74218489139
"521",521,525,2,"525",229731.56561746,7910019.5071201,5909.02978238664
"522",522,526,2,"526",229654.44726641,7908935.60747787,4838.51537275007
"523",523,527,33,"527",229913.19562674,7907740.37780924,3792.46943377112
"524",524,528,13,"528",229849.02296037,7907363.32712812,3422.29534135345
"525",525,529,19,"529",229951.4432862,7902082.09592808,2674.46373314763
"526",526,530,2,"530",230036.38491552,7900368.00743832,4223.07851247174
"527",527,531,8,"531",230073.20664424,7901089.26628279,3585.96861225401
"528",528,532,13,"532",230052.21978691,7901684.31237906,3060.66966794114
"529",529,533,5,"533",230183.64397992,7901854.14293716,2995.33485711583
"530",530,535,2,"535",230186.24664364,7912883.38530472,8804.07977347917
"531",531,536,13,"536",230224.84735037,7907386.51772424,3617.3724541222
"532",532,537,2,"537",230218.77326567,7908808.08531338,4895.66714303377
"533",533,538,2,"538",230125.97632526,7909641.31401785,5648.81524504867
"534",534,539,2,"539",230455.75388792,7910141.75330037,6228.11399264297
"535",535,540,2,"540",230299.35605948,7909165.9465078,5258.19849072027
"536",536,541,2,"541",230329.25762118,7908416.96159785,4580.17770594127
"537",537,542,1,"542",230128.70249886,7908171.27072196,4273.62832931715
"538",538,543,4,"543",230093.8816339,7907221.68486638,3409.13449007319
"539",539,544,10,"544",230323.5403915,7902097.8888002,2894.07925967231
"540",540,545,11,"545",230548.19957579,7902077.74780464,3062.21003068973
"541",541,546,2,"546",230435.70920983,7906364.25009487,2924.9664291285
"542",542,547,2,"547",230396.14459492,7906787.24930405,3217.68499282511
"543",543,548,1,"548",230470.98976713,7907068.61706851,3486.80627877975
"544",544,549,1,"549",230385.11549571,7907218.35660311,3559.88643555921
"545",545,550,2,"550",230400.74660165,7908188.22026431,4405.70011933246
"546",546,551,1,"551",230388.58203045,7908576.57639641,4749.95554128333
"547",547,552,1,"552",230468.02047689,7908799.32056196,4985.55097185024
"548",548,553,1,"553",230636.76978061,7908762.40490402,5024.72290504213
"549",549,554,1,"554",230536.19079631,7908686.2910924,4912.14026930707
"550",550,555,3,"555",230768.83234908,7908440.19452908,4802.00009282426
"551",551,556,1,"556",230676.21434114,7908303.14064647,4637.11856587656
"552",552,557,1,"557",230743.79853865,7904064.06043245,2350.14903102446
"553",553,558,3,"558",230907.39617099,7903980.75709976,2521.13219457981
"554",554,559,26,"559",230708.56383829,7902027.7484337,3211.24848020545
"555",555,560,15,"560",230994.41859538,7902191.94553376,3317.49297917458
"556",556,561,1,"561",230632.44311965,7907054.43822986,3573.87573616888
"557",557,562,1,"562",230905.22032545,7905008.98184963,2612.29666795776
"558",558,563,4,"563",230989.66342126,7903217.550645,2790.49752497404
"559",559,564,2,"564",230702.08924649,7901156.83648565,3864.25296696101
"560",560,565,5,"565",230657.03225884,7900981.99764058,3980.40022688801
"561",561,566,1,"566",230567.27870449,7900676.10829516,4188.92005019858
"562",562,568,7,"568",230772.95994161,7901418.79942007,3702.05896528325
"563",563,569,2,"569",230933.36714964,7902812.19749856,2917.14705482228
"564",564,570,4,"570",230941.14699182,7902983.49528917,2842.85802348315
"565",565,571,4,"571",231011.6399508,7905217.34908672,2779.0128733612
"566",566,573,4,"573",230850.27972663,7907321.91519837,3918.8205675997
"567",567,574,2,"574",230990.30827848,7908614.03294048,5063.54919591687
"568",568,575,4,"575",231401.25404554,7909356.9520138,5912.19594166262
"569",569,576,2,"576",231279.5453382,7909131.6131641,5656.27081577352
"570",570,577,3,"577",231231.84761606,7908781.17314968,5332.06934378269
"571",571,578,1,"578",231259.74786604,7908508.93067228,5118.90056564934
"572",572,579,2,"579",231040.40736781,7908009.43024894,4583.05868489454
"573",573,580,5,"580",231310.20235234,7907194.15238508,4129.78916307936
"574",574,581,7,"581",231340.88333078,7907082.03904353,4073.04007333214
"575",575,582,16,"582",231117.55458191,7906271.12093093,3377.98809980616
"576",576,583,6,"583",231149.35870706,7906053.63099893,3279.92705735739
"577",577,584,1,"584",231188.3707839,7905768.91165379,3167.75076003442
"578",578,585,1,"585",231111.5994146,7906530.35706811,3533.74769558417
"579",579,586,4,"586",231120.1359051,7904717.28060761,2756.00131173038
"580",580,587,8,"587",231241.96646893,7903586.11718401,2919.28537926612
"581",581,588,1,"588",231065.16450208,7902694.73483967,3090.10764341991
"582",582,589,3,"589",231323.57365501,7902633.28922736,3344.89034238229
"583",583,590,26,"590",231508.26162829,7902370.54907545,3636.81837646157
"584",584,591,2,"591",231453.26777674,7902096.44898944,3741.63683763006
"585",585,592,2,"592",231199.85662326,7901973.28833465,3614.72028951469
"586",586,593,3,"593",231150.70579386,7901092.78657605,4195.15163822981
"587",587,594,1,"594",231299.25743697,7900914.30949029,4427.3166144837
"588",588,595,1,"595",231554.5093779,7901041.44005025,4506.69743467227
"589",589,596,1,"596",231455.4365969,7903351.55238685,3186.28151731427
"590",590,597,3,"597",231462.01127324,7904942.79128009,3134.82786758736
"591",591,598,6,"598",231375.41912842,7905110.74477668,3092.18191722217
"592",592,599,13,"599",231458.37037199,7907391.97011458,4374.71287845779
"593",593,600,1,"600",231437.43620961,7907859.80596076,4707.23705732938
"594",594,601,2,"601",231565.04022424,7908157.34772897,5017.82396958637
"595",595,602,3,"602",231600.76550681,7907730.66099747,4718.44358691788
"596",596,603,1,"603",231620.7501651,7907188.27650529,4350.10882745952
"597",597,604,1,"604",231659.59468393,7906537.77972415,3973.80126297491
"598",598,605,4,"605",231633.63714202,7906326.91892974,3835.01874885653
"599",599,606,4,"606",231667.47808467,7905169.58624239,3389.25654219851
"600",600,607,3,"607",231780.08830496,7905051.94131692,3469.22006801029
"601",601,608,2,"608",231589.8261353,7904556.87146185,3201.43477958167
"602",602,609,1,"609",231771.62076151,7903934.61595281,3385.48731953816
"603",603,610,1,"610",231719.83746494,7903418.65939404,3423.34176228738
"604",604,611,3,"611",231861.80059512,7903103.13504732,3648.72417929091
"605",605,612,1,"612",231608.0649448,7902916.91243879,3476.79636700172
"606",606,613,83,"613",232140.50003553,7902681.08506486,4059.0238417391
"607",607,614,2,"614",232024.87671942,7901995.55219268,4273.4086380105
"608",608,615,6,"615",232060.25040623,7903246.54893814,3796.56909507968
"609",609,616,5,"616",231861.4624101,7905781.63125745,3778.51284575224
"610",610,617,1,"617",231836.26744784,7906705.17080114,4214.65021880087
"611",611,618,2,"618",232087.91866559,7908216.43310951,5405.87991236688
"612",612,619,1,"619",232237.44241579,7909569.48744136,6548.2853835974
"613",613,620,1,"620",232209.65298523,7909294.19650994,6310.40592755961
"614",614,621,4,"621",232184.98906774,7909070.60046445,6118.30407166488
"615",615,622,1,"622",232252.36067152,7908914.89604602,6039.43034696629
"616",616,623,1,"623",232232.91251206,7907819.76274457,5228.15133882992
"617",617,624,1,"624",231995.75375923,7907369.67937942,4751.07747855728
"618",618,625,3,"625",232029.48762947,7906871.18712779,4468.39165358019
"619",619,626,47,"626",232195.80123587,7905493.66585167,3988.72518324583
"620",620,627,6,"627",232341.15257089,7903338.21255487,4046.02350716463
"621",621,628,2,"628",232376.70404824,7902417.06560011,4382.01497156184
"622",622,629,14,"629",232621.93153005,7903097.50314474,4377.65634149373
"623",623,630,1,"630",232398.76215393,7906169.22321258,4428.49953118344
"624",624,631,5,"631",232996.50333168,7909784.07065793,7183.50368664162
"625",625,632,4,"632",232729.70970901,7908554.98206821,6095.79907505417
"626",626,633,7,"633",232765.25778626,7908130.58516823,5831.29228500941
"627",627,634,30,"634",233238.89333407,7908097.95999232,6173.33995401618
"628",628,635,1,"635",232664.10747047,7907833.36899724,5560.59678490414
"629",629,636,1,"636",232788.0562489,7906406.21571771,4882.12560905469
"630",630,637,1,"637",232643.69009975,7906228.81680203,4675.50031922429
"631",631,638,2,"638",232701.37175281,7903522.01039764,4362.5889194905
"632",632,639,132,"639",233028.82865927,7903091.31863428,4772.63431474549
"633",633,640,1,"640",232763.45876886,7900030.5408918,6076.80580377832
"634",634,641,4,"641",233107.67887278,7902228.66635556,5126.19345746347
"635",635,642,8,"642",233014.98960146,7905000.30828462,4671.69906846709
"637",637,644,2,"644",232968.9243531,7907024.82264481,5337.60124153294
"638",638,645,1,"645",233032.7919834,7907807.32900653,5832.11729632277
"639",639,646,9,"646",233259.72358636,7908482.67808007,6435.1846824361
"640",640,647,5,"647",233162.32634008,7908796.26650988,6574.21323404418
"641",641,648,3,"648",233150.19458593,7909537.84048046,7097.87606267635
"642",642,649,1,"649",233362.58794226,7913433.117601,10426.7363438548
"643",643,650,3,"650",233282.56125991,7909281.5857836,7001.15130893857
"644",644,651,5,"651",233290.34195561,7905551.18603844,5055.48095799854
"645",645,652,2,"652",233337.64383486,7905336.14579195,5051.17503626184
"646",646,653,10,"653",233249.91313845,7904538.8035741,4855.80910009761
"647",647,654,11,"654",233537.45990829,7902954.62965118,5299.2608634251
"648",648,655,1,"655",233448.8239354,7903467.44271116,5108.98748483256
"649",649,656,1,"656",233472.00895606,7903888.06543193,5083.77988073108
"650",650,657,2,"657",233336.11187143,7905810.73874212,5171.46513583229
"651",651,658,8,"658",233549.65368008,7908908.02047161,6934.25155533469
"652",652,660,33,"660",234104.31777227,7909465.30782275,7719.51036492841
"653",653,661,8,"661",233742.01674999,7908278.8875506,6682.1526834051
"654",654,662,68,"662",233903.61774731,7907132.25977125,6205.33552613986
"656",656,664,1,"664",233725.55647258,7902661.08583322,5559.0628424354
"657",657,665,3,"665",233629.15875693,7900214.40845355,6611.06542072017
"658",658,666,1,"666",233891.93414437,7907929.16278348,6602.07995938114
"659",659,667,1,"667",234072.51144123,7912995.57892547,10412.9775209847
"661",661,669,9,"669",234160.26907646,7907872.31963589,6796.47486791584
"662",662,670,8,"670",234338.60366914,7907545.64716202,6784.21711099297
"663",663,671,1,"671",234134.10291597,7906640.05926358,6205.81740791398
"664",664,672,3,"672",234221.93941575,7906526.05633847,6244.8095172526
"665",665,673,1,"673",234093.57951495,7905189.9405785,5766.72793637995
"666",666,674,37,"674",234588.08263191,7903438.82722603,6240.6114880374
"667",667,675,7,"675",234468.21828599,7904889.61212635,6098.59830407132
"668",668,676,7,"676",234563.33951721,7908526.89391954,7493.4254377594
"669",669,677,3,"677",234154.36361251,7910164.83551299,8242.15713414556
"670",670,678,17,"678",234926.60911386,7909745.8928226,8523.12176250161
"671",671,679,2,"679",234917.28641534,7909482.62371451,8348.8842992595
"672",672,680,2,"680",234540.78540076,7910566.17142495,8799.27630840938
"673",673,681,1,"681",234530.76568517,7912050.25980276,9910.53780473081
"674",674,682,9,"682",234962.15373626,7909121.83338853,8164.16545689969
"675",675,683,1,"683",234684.34544335,7908030.70145163,7326.04769989256
"676",676,684,1,"684",234752.8710196,7902734.19302647,6532.05609712301
"677",677,686,130,"686",235766.60705391,7903230.23843008,7436.52936494335
"678",678,687,1,"687",234992.15819567,7903901.00467491,6600.03808085177
"679",679,688,1,"688",234987.06955282,7907192.41588923,7207.66802088765
"681",681,690,6,"690",234928.89923564,7908537.6124264,7802.64540095126
"682",682,691,5,"691",234900.7963785,7909322.21811999,8236.51393437058
"684",684,693,10,"693",235187.40239993,7908982.21348253,8265.71842307929
"685",685,694,1,"694",235272.79432453,7908172.19515063,7905.53228859392
"686",686,695,2,"695",235254.78925104,7904416.39355075,6854.52827608746
"687",687,696,1,"696",235505.94881917,7908282.55845702,8162.78011045868
"688",688,697,2,"697",235544.17226301,7909858.04500632,9073.38659747655
"689",689,698,3,"698",235727.04178181,7909898.50166729,9242.63967439092
"690",690,699,9,"699",235737.01493967,7909717.32332913,9141.2798223517
"691",691,701,11,"701",235727.66916733,7908941.93760629,8692.942237697
"692",692,702,3,"702",235843.87149733,7907681.99324906,8190.10410229236
"693",693,703,3,"703",236057.10592401,7901876.8801893,8018.06979385989
"694",694,704,2,"704",235816.62469689,7902399.05203405,7645.07910486004
"695",695,705,1,"705",236230.80057424,7902403.81597465,8046.30140519772
"696",696,706,4,"706",236001.1685163,7904186.72063343,7599.54137577764
"697",697,707,1,"707",236347.84643585,7913529.1798501,12207.2559552179
"698",698,708,2,"708",236206.38919361,7908946.43770255,9102.33196902886
"699",699,709,5,"709",236202.90132665,7908315.38964777,8791.13355289161
"700",700,710,3,"710",236275.01537221,7908059.23482762,8740.90174908431
"701",701,711,3,"711",236238.99220227,7904368.31945528,7837.71335307765
"702",702,712,1,"712",236188.10558423,7903856.68105746,7796.64822946116
"703",703,713,1,"713",236309.95402283,7901001.89307357,8553.59772253467
"704",704,714,3,"714",236551.35761165,7901130.49199435,8730.31338910616
"705",705,715,1,"715",236474.30623144,7904089.86881931,8074.14125697033
"707",707,717,2,"717",236463.05160753,7908746.2661217,9224.38050329084
"708",708,718,10,"718",236539.90206858,7909641.92931992,9755.46460016814
"709",709,719,3,"719",236543.91384528,7913068.75365716,11993.7346578065
"710",710,720,1,"720",236949.63315277,7914310.65099478,13192.324258038
"711",711,722,1,"722",236527.29590945,7913485.81310937,12292.2399054326
"712",712,723,1,"723",236605.07927911,7913229.46804336,12153.4354306939
"713",713,724,3,"724",236604.51718681,7911705.41815127,11076.360502194
"714",714,725,1,"725",236844.84223437,7910272.06194334,10363.5143439495
"715",715,726,9,"726",236870.63613399,7909674.74125567,10050.6500222996
"716",716,727,9,"727",236708.82481707,7909215.28688479,9671.52467321082
"717",717,728,2,"728",236898.8230222,7907881.09100034,9235.46539917342
"718",718,729,4,"729",236559.67979608,7906920.0808899,8579.80965247041
"719",719,730,2,"730",236808.69106784,7905414.54633257,8485.32956100239
"720",720,731,1,"731",236722.19736101,7904364.15606942,8320.82447769915
"721",721,732,18,"732",236841.69466462,7903207.90646251,8505.26655771548
"722",722,733,4,"733",236630.38608522,7902380.35423698,8440.78955696287
"723",723,734,2,"734",236765.59058048,7902237.17308587,8605.20606552092
"725",725,736,2,"736",236990.66393737,7901007.60106097,9184.56643960079
"727",727,738,1,"738",237111.42678972,7901165.76782142,9243.4175881633
"728",728,739,2,"739",236780.51116755,7901194.02227169,8922.55214196961
"730",730,741,1,"741",237035.92053082,7901796.16663477,8979.13792730661
"731",731,742,9,"742",237228.75547812,7902218.77910936,9060.15253064044
"732",732,743,1,"743",236815.00175116,7903790.42360256,8426.2080892679
"733",733,744,3,"744",237109.33484671,7906318.08641022,8946.79671497127
"736",736,747,4,"747",237043.50614192,7910084.14147728,10419.834921068
"737",737,748,1,"748",237059.63566661,7910976.99734899,10956.5434664726
"738",738,749,2,"749",236813.66833163,7911479.35872162,11083.6109205393
"739",739,750,2,"750",236869.67256853,7911788.43042137,11329.105596452
"740",740,751,2,"751",236929.48965975,7913737.00876376,12747.3083813987
"742",742,753,3,"753",237283.12047581,7911749.89318172,11616.4902275471
"743",743,754,3,"754",237297.07841085,7911528.72067508,11485.9762016472
"744",744,755,1,"755",237142.78710087,7909837.56730832,10367.6569171795
"745",745,756,8,"756",237193.71355851,7909424.01547815,10195.1278114376
"746",746,757,9,"757",237227.32991575,7908210.74500889,9668.45568159993
"747",747,758,11,"758",237301.18629443,7907758.58230159,9561.46455804552
"753",753,764,14,"764",237848.53706269,7902222.72671377,9664.14497059657
"754",754,765,2,"765",237527.17857588,7904375.81541668,9125.88833981512
"755",755,766,4,"766",237601.45066259,7904773.38686874,9213.65340258401
"756",756,767,2,"767",237474.90683549,7908822.34813201,10154.5267506962
"757",757,768,2,"768",237452.67365278,7909118.99276247,10271.5662030583
"758",758,769,1,"769",237463.51721701,7910846.65058156,11201.2819603565
"759",759,770,5,"770",237469.9021915,7911942.65533522,11883.5733907376
"761",761,772,13,"772",237790.98894377,7912459.33037343,12463.9214791087
"762",762,773,2,"773",237737.81359128,7911826.12972267,12015.5513345208
"767",767,778,1,"778",237785.96369348,7907191.3428495,9830.55563691417
"769",769,780,6,"780",237854.60929756,7904885.92636093,9473.17827532986
"770",770,781,3,"781",237676.98544095,7904144.70616899,9275.72707514767
"771",771,782,2,"782",237794.55642587,7903512.9352835,9422.3783708073
"772",772,783,7,"783",237863.49182998,7901884.54061629,9755.62098330856
"773",773,784,1,"784",237622.45431099,7901278.07848429,9691.26231782885
"774",774,785,2,"785",237932.23089714,7900555.66976547,10225.5652538232
"775",775,786,2,"786",237802.28627843,7900262.27228394,10215.8310439758
"776",776,787,2,"787",238037.37438537,7900280.61774952,10425.5380758349
"777",777,788,3,"788",238114.20949408,7901674.35577716,10051.0156641453
"778",778,789,2,"789",237785.93732677,7902736.72824848,9507.08860107726
"779",779,790,187,"790",238268.50197077,7903290.83351828,9914.18304624367
"780",780,791,2,"791",237793.83685335,7904748.21090271,9404.41388507851
"784",784,795,4,"795",237909.49332546,7910915.41595944,11604.3256272392
"785",785,796,8,"796",238052.75974134,7911121.39437316,11840.120554775
"786",786,797,12,"797",238321.09215247,7911442.09613617,12245.0875723223
"787",787,798,3,"798",238111.98573848,7911744.7372011,12258.6777044759
"788",788,799,2,"799",237908.06043668,7912091.33357606,12315.1796280457
"789",789,800,2,"800",238165.17876489,7912813.82737485,12978.9603221691
"790",790,801,2,"801",237938.26009911,7913321.99321713,13153.8486296719
"791",791,802,3,"802",238178.01637169,7913419.35566233,13395.0609862725
"792",792,803,8,"803",238460.04075208,7912595.27834623,13061.6887027004
"793",793,804,2,"804",238165.79753217,7912170.7925892,12565.0603845819
"796",796,807,4,"807",238124.86045495,7907167.87175215,10147.812871076
"797",797,808,4,"808",238347.77232398,7904223.22559519,9945.84790628304
"798",798,809,7,"809",238283.82527538,7903803.70384515,9892.44692372364
"800",800,811,7,"811",238425.84263941,7900970.33562804,10550.4727665297
"801",801,812,4,"812",238617.25840941,7900393.71784269,10923.1456650356
"802",802,813,11,"813",238400.54089912,7903750.66335357,10011.6075271336
"803",803,814,1,"814",238511.28481278,7905190.67668924,10151.8510538247
"804",804,815,3,"815",238514.70550623,7905680.03331131,10211.6419408301
"805",805,816,28,"816",238550.4750797,7906094.62347427,10312.616314095
"806",806,817,2,"817",238493.77009483,7907519.98974194,10604.6367597147
"807",807,818,1,"818",238448.0485848,7908035.79721208,10731.478815432
"808",808,819,22,"819",238549.58712413,7909529.26841454,11433.1815778733
"809",809,820,5,"820",238537.09844109,7909923.07343891,11608.9608876641
"812",812,823,1,"823",238460.25955436,7913022.00115139,13338.148501019
"813",813,824,1,"824",238567.18735797,7913606.28269281,13807.485399803
"814",814,825,1,"825",238638.24186482,7913193.39615319,13584.9359498054
"815",815,826,2,"826",238773.73233746,7912260.13187806,13097.4404071467
"816",816,827,4,"827",238636.85573176,7912036.19388766,12852.6402911182
"817",817,828,96,"828",239014.21007063,7911805.93187742,13020.3652312191
"818",818,829,8,"829",238806.41809349,7911294.03348305,12557.9222314393
"819",819,830,2,"830",238753.27223139,7910554.96098764,12114.0494798519
"820",820,831,3,"831",238738.59404907,7910375.96762334,12009.4036752255
"821",821,832,1,"832",238827.41380775,7910183.89819343,11989.9179011441
"822",822,833,1,"833",238646.64369021,7908794.34543455,11202.4497087667
"823",823,834,8,"834",238925.26109655,7908443.86736688,11323.7378449141
"825",825,836,3,"836",238895.07684673,7907122.26682183,10875.926995132
"826",826,837,5,"837",238776.92948882,7905757.02215808,10482.092021688
"827",827,838,7,"838",238636.87937043,7905483.92359725,10307.5629032653
"828",828,839,13,"839",238834.72068007,7905142.38768026,10469.8014907597
"829",829,840,9,"840",238881.44112671,7904837.79168778,10495.2476100327
"830",830,841,8,"841",238824.08861032,7904332.11040817,10422.3244274344
"831",831,842,33,"842",238812.24481639,7903394.24499743,10446.3484472643
"832",832,843,3,"843",238836.26794991,7902430.54077585,10593.7807481674
"833",833,844,1,"844",238683.87390092,7901784.95988276,10576.0417291553
"834",834,845,1,"845",238720.7609165,7901353.4473778,10720.8444260699
"835",835,846,5,"846",238704.42635368,7900590.40381902,10937.1206123544
"836",836,847,5,"847",239080.03009257,7900860.0028427,11206.8689345467
"837",837,848,4,"848",239208.90584258,7902092.65680568,11022.4890013613
"838",838,849,15,"849",239075.05372875,7907401.72977493,11125.2855674074
"839",839,850,13,"850",238977.58391652,7907692.64346938,11118.1063940474
"841",841,852,5,"852",238967.36784157,7909805.16364485,11931.2053381572
"842",842,853,1,"853",238890.56135901,7909978.22396107,11945.0883527427
"843",843,854,10,"854",239115.82441198,7910584.02665572,12440.018270339
"844",844,855,22,"855",239048.71747261,7911013.45802223,12606.9337416962
"845",845,856,6,"856",239018.41652962,7912171.24779568,13238.7499645492
"846",846,857,1,"857",238920.35385025,7912439.54389832,13323.2125228121
"848",848,859,6,"859",239178.19588299,7914548.07188177,14897.3042012813
"849",849,860,2,"860",239214.19726342,7914755.87369145,15067.348629245
"850",850,861,3,"861",239344.6264066,7914335.26673661,14873.1898199852
"851",851,862,2,"862",239291.30984956,7914011.78902048,14616.2736339872
"852",852,863,7,"863",239507.14976313,7914107.26287346,14840.9417595067
"853",853,864,11,"864",239205.70568885,7912577.36964823,13633.2471919935
"854",854,865,9,"865",239384.36198025,7912366.26533727,13648.8604404218
"855",855,866,3,"866",239459.85727291,7911677.44626137,13314.0921854744
"856",856,867,4,"867",239242.40882149,7911542.51235616,13058.343064311
"857",857,868,6,"868",239370.42371978,7911374.6643128,13072.7316396848
"859",859,870,4,"870",239156.08681163,7910780.7032369,12575.5268296341
"860",860,871,2,"871",239237.55659434,7910248.70113718,12379.4134439021
"861",861,872,2,"872",239381.44060847,7908693.96876011,11840.2053683842
"862",862,873,1,"873",239391.04345027,7906583.84858436,11231.6542325972
"863",863,874,55,"874",239166.25549148,7905805.94427744,10874.4176955687
"864",864,875,12,"875",239234.87469616,7903957.55001892,10837.1520231878
"865",865,876,1,"876",239167.26767346,7901068.02884891,11229.0890011274
"866",866,877,5,"877",239515.26128803,7900512.44399457,11728.7572527478
"867",867,878,1,"878",239558.05134392,7902403.50080591,11309.7966755647
"868",868,879,1,"879",239397.13238296,7903296.64141091,11037.4296520678
"869",869,880,1,"880",239503.15448347,7908037.9027794,11725.7440132961
"870",870,881,3,"881",239532.25898564,7908445.59974508,11890.5496893311
"871",871,882,2,"882",239535.21790863,7911321.09987713,13182.5427014799
